-- inserts for users
INSERT INTO users (user_id, username, email, role) VALUES 
(1, 'robert44', 'qtownsend@gmail.com', 'admin'),
(2, 'johnsonerica', 'leeedwin@hotmail.com', 'reviewer'),
(3, 'raguilar', 'alexander70@yahoo.com', 'editor'),
(4, 'sjones', 'bobby21@yahoo.com', 'moderator'),
(5, 'welchjohn', 'wandacopeland@yahoo.com', 'editor'),
(6, 'fchandler', 'joshuagonzalez@fry.net', 'reviewer'),
(7, 'gpowers', 'acevedoanthony@weeks.info', 'editor'),
(8, 'osherman', 'robertobuck@gmail.com', 'editor'),
(9, 'snguyen', 'avazquez@werner.biz', 'admin'),
(10, 'hurleytracy', 'steven66@adams-patterson.com', 'moderator'),
(11, 'bowenautumn', 'vgreen@coleman-smith.net', 'reviewer'),
(12, 'walterstimothy', 'aguilarandrew@castro.com', 'moderator'),
(13, 'jessica84', 'heathjacob@yahoo.com', 'admin'),
(14, 'dyerabigail', 'fbauer@gmail.com', 'moderator'),
(15, 'perezdonna', 'john11@yahoo.com', 'editor'),
(16, 'andrew25', 'nicholas27@vaughan-hansen.com', 'editor'),
(17, 'martinezerika', 'njuarez@yahoo.com', 'admin'),
(18, 'jeffrey09', 'michellesmith@jordan.com', 'editor'),
(19, 'warrenanthony', 'cenglish@yahoo.com', 'admin'),
(20, 'johnsonamy', 'april23@griffith-thompson.info', 'moderator'),
(21, 'andrewsnatalie', 'victoria07@rosario.org', 'editor'),
(22, 'qandrews', 'butlerpaula@yahoo.com', 'moderator'),
(23, 'yhahn', 'nwilliams@garcia-mccarthy.com', 'admin'),
(24, 'uboyd', 'mathisariana@hotmail.com', 'reviewer'),
(25, 'jpalmer', 'eric15@gmail.com', 'reviewer'),
(26, 'knightvictoria', 'nfreeman@gmail.com', 'moderator'),
(27, 'lance94', 'hendersondaniel@cook.net', 'reviewer'),
(28, 'jill79', 'greenchristopher@hotmail.com', 'reviewer'),
(29, 'robertserica', 'amccall@gmail.com', 'reviewer'),
(30, 'dayashley', 'stephen15@hampton.com', 'editor');

-- inserts for languages
INSERT INTO languages (language_id, language_name, family, iso_code, parent_language_id) VALUES
(1, 'English', 'Germanic', 'EN', NULL),
(2, 'French', 'Romance', 'FR', NULL),
(3, 'German', 'Germanic', 'DE', NULL),
(4, 'Spanish', 'Romance', 'ES', NULL),
(5, 'Polish', 'Slavic', 'PL', NULL),
(6, 'Silesian', 'Slavic', 'SZ', 5),
(7, 'Italian', 'Romance', 'IT', NULL),
(8, 'Russian', 'Slavic', 'RU', NULL),
(9, 'Ukrainian', 'Slavic', 'UA', 8),
(10, 'Portuguese', 'Romance', 'PT', NULL),
(11, 'Mandarin Chinese', 'Sino-Tibetan', 'ZH', NULL),
(12, 'Arabic', 'Afro-Asiatic', 'AR', NULL),
(13, 'Hindi', 'Indo-Aryan', 'HI', NULL),
(14, 'Bengali', 'Indo-Aryan', 'BN', NULL),
(15, 'Swahili', 'Niger-Congo', 'SW', NULL),
(16, 'Dutch', 'Germanic', 'NL', NULL),
(17, 'Greek', 'Indo-European', 'EL', NULL),
(18, 'Swedish', 'Germanic', 'SV', NULL),
(19, 'Finnish', 'Uralic', 'FI', NULL),
(20, 'Czech', 'Slavic', 'CS', NULL),
(21, 'Hungarian', 'Uralic', 'HU', NULL),
(22, 'Norwegian', 'Germanic', 'NO', NULL),
(23, 'Romanian', 'Romance', 'RO', NULL),
(24, 'Turkish', 'Turkic', 'TR', NULL),
(25, 'Danish', 'Germanic', 'DA', NULL),
(26, 'Hebrew', 'Afro-Asiatic', 'HE', NULL),
(27, 'Bulgarian', 'Slavic', 'BG', NULL),
(28, 'Serbian', 'Slavic', 'SR', NULL),
(29, 'Croatian', 'Slavic', 'HR', NULL),
(30, 'Slovak', 'Slavic', 'SK', NULL);

-- inserts for user_languages
INSERT INTO user_languages (user_id, language_id, proficiency_level) VALUES
(1, 1, 'native'),
(1, 5, 'fluent'),
(2, 2, 'intermediate'),
(2, 3, 'basic'),
(3, 4, 'native'),
(4, 7, 'intermediate'),
(5, 6, 'fluent'),
(6, 3, 'basic'),
(7, 9, 'native'),
(8, 10, 'fluent'),
(9, 8, 'basic'),
(10, 6, 'intermediate'),
(11, 7, 'native'),
(12, 8, 'fluent'),
(13, 5, 'fluent'),
(14, 10, 'intermediate'),
(15, 11, 'basic'),
(16, 12, 'native'),
(17, 2, 'fluent'),
(18, 13, 'basic'),
(19, 14, 'fluent'),
(20, 15, 'intermediate'),
(21, 16, 'native'),
(22, 17, 'fluent'),
(23, 18, 'intermediate'),
(24, 19, 'fluent'),
(25, 20, 'native'),
(26, 21, 'basic'),
(27, 22, 'fluent'),
(28, 23, 'native'),
(29, 24, 'basic'),
(30, 25, 'intermediate');

-- inserts for words
INSERT INTO words (word_id, language_id, word, gender, pos, is_plural) VALUES 
(1, 27, 'ressource', 'feminine', 'noun', FALSE),
(2, 21, 'maison', 'feminine', 'noun', TRUE),
(3, 29, 'diviner', 'neuter', 'verb', FALSE),
(4, 24, 'nécessaire', 'neuter', 'adjective', FALSE),
(5, 8, 'w dół', 'masculine', 'noun', TRUE),
(6, 8, 'potem', 'neuter', 'adjective', TRUE),
(7, 16, 'über', 'neuter', 'noun', FALSE),
(8, 6, 'ste', 'neuter', 'adjective', FALSE),
(9, 27, 'sechs', 'unknown', 'verb', TRUE),
(10, 25, 'apporter', 'feminine', 'noun', FALSE),
(11, 18, 'tout', 'masculine', 'adjective', FALSE),
(12, 9, 'ситуація', 'feminine', 'adjective', TRUE),
(13, 19, 'hör', 'unknown', 'adjective', TRUE),
(14, 20, 'es', 'masculine', 'pronoun', FALSE),
(15, 2, 'regarder', 'unknown', 'verb', TRUE),
(16, 28, 'entrer', 'unknown', 'verb', FALSE),
(17, 9, 'дошка', 'feminine', 'noun', FALSE),
(18, 2, 'décider', 'neuter', 'verb', FALSE),
(19, 18, 'pendant', 'unknown', 'verb', TRUE),
(20, 30, 'mädchen', 'neuter', 'adjective', TRUE),
(21, 28, 'terme', 'feminine', 'noun', FALSE),
(22, 8, 'podmiot', 'masculine', 'noun', FALSE),
(23, 1, 'votre', 'feminine', 'adjective', FALSE),
(24, 21, 'site', 'unknown', 'adjective', TRUE),
(25, 10, 'supposer', 'masculine', 'verb', FALSE),
(26, 5, 'milieu', 'masculine', 'noun', FALSE),
(27, 3, 'anfangen', 'unknown', 'verb', TRUE),
(28, 8, 'à', 'unknown', 'preposition', FALSE),
(29, 25, 'risque', 'neuter', 'noun', TRUE),
(30, 5, 'charge', 'feminine', 'noun', FALSE),
(31, 5, 'przedmiot', 'masculine', 'noun', FALSE),
(32, 5, 'opłata', 'feminine', 'noun', FALSE), 
(33, 5, 'środek', 'masculine', 'noun', FALSE),    
(34, 5, 'następnie', 'neuter', 'adverb', FALSE),   
(35, 5, 'na dół', 'masculine', 'adverb', FALSE),  
(36, 2, 'pénétrer', 'masculine', 'verb', FALSE), 
(37, 2, 'danger', 'masculine', 'noun', FALSE),    
(38, 2, 'essentiel', 'masculine', 'adjective', FALSE),
(39, 2, 'observer', 'masculine', 'verb', FALSE), 
(40, 2, 'vocable', 'masculine', 'noun', FALSE),   
(41, 2, 'présumer', 'masculine', 'verb', FALSE),  
(42, 2, 'deviner', 'masculine', 'verb', FALSE),  
(43, 2, 'durant', 'masculine', 'preposition', FALSE),
(44, 2, 'entièreté', 'feminine', 'noun', FALSE),  
(45, 3, 'beginnen', 'neuter', 'verb', FALSE),  
(46, 3, 'sechse', 'neuter', 'numeral', FALSE), 
(47, 3, 'lauschen', 'neuter', 'verb', FALSE),
(48, 3, 'oberhalb', 'neuter', 'preposition', FALSE), 
(49, 6, 'te', 'neuter', 'pronoun', TRUE),
(50, 9, 'небезпека', 'feminine', 'noun', FALSE);

-- inserts for translations
INSERT INTO translations (translation_id, source_word_id, target_word_id, confidence, is_verified) VALUES
(1, 2, 1, 0.95, TRUE),
(2, 8, 7, 0.88, TRUE),
(3, 3, 13, 0.91, TRUE),
(4, 6, 14, 0.84, FALSE),
(5, 19, 5, 0.92, TRUE),
(6, 20, 10, 0.79, FALSE),
(7, 12, 8, 0.85, TRUE),
(8, 7, 9, 0.92, TRUE),
(9, 18, 3, 0.87, TRUE),
(10, 21, 4, 0.90, TRUE),
(11, 22, 2, 0.95, TRUE),
(12, 16, 17, 0.88, TRUE),
(13, 5, 18, 0.91, TRUE),
(14, 9, 30, 0.93, TRUE),
(15, 6, 23, 0.85, FALSE),
(16, 19, 12, 0.92, TRUE),
(17, 13, 14, 0.90, TRUE),
(18, 28, 27, 0.87, TRUE),
(19, 20, 9, 0.91, TRUE),
(20, 7, 10, 0.88, TRUE),
(21, 29, 30, 0.90, TRUE),
(22, 3, 17, 0.85, TRUE),
(23, 5, 16, 0.91, TRUE),
(24, 22, 7, 0.93, TRUE),
(25, 14, 20, 0.89, TRUE),
(26, 9, 18, 0.94, TRUE),
(27, 12, 8, 0.85, TRUE),
(28, 21, 16, 0.91, TRUE),
(29, 7, 28, 0.90, TRUE),
(30, 11, 23, 0.93, TRUE);

-- inserts for translation_archive
INSERT INTO translation_archive (translation_id, old_target_word, new_target_word, change_date) VALUES
(1, 'maison', 'ressource', '2024-10-01 14:30:00'),
(2, 'ste', 'über', '2024-11-02 10:20:00'),
(3, 'diviner', 'ситуація', '2024-12-05 09:15:00'),
(4, 'w dół', 'potem', '2024-08-15 11:40:00'),
(5, 'hör', 'sechs', '2024-09-11 16:05:00'),
(6, 'es', 'votre', '2025-01-02 13:00:00'),
(7, 'maison', 'site', '2024-10-05 14:15:00'),
(8, 'décider', 'décider', '2024-10-15 13:05:00'),
(9, 'pendant', 'while', '2024-11-01 12:00:00'),
(10, 'subject', 'podmiot', '2024-11-25 10:30:00'),
(11, 'podmiot', 'przedmiot', '2024-11-26 11:45:00'), 
(12, 'anfangen', 'beginnen', '2024-12-01 09:30:00'), 
(13, 'sechs', 'sechse', '2024-10-20 14:20:00'), 
(14, 'charge', 'opłata', '2024-09-18 16:15:00'), 
(15, 'votre', 'ton', '2024-08-22 12:10:00'),       
(16, 'entrer', 'pénétrer', '2024-07-15 10:05:00'), 
(17, 'risque', 'danger', '2024-06-12 08:00:00'),  
(18, 'milieu', 'środek', '2024-05-09 17:30:00'), 
(19, 'nécessaire', 'essentiel', '2024-04-05 13:25:00'),  
(20, 'regarder', 'observer', '2024-03-02 11:15:00'),  
(21, 'terme', 'vocable', '2024-02-28 09:10:00'),  
(22, 'supposer', 'présumer', '2024-01-25 07:05:00'),   
(23, 'diviner', 'deviner', '2023-12-20 15:00:00'), 
(24, 'pendant', 'durant', '2023-11-15 12:55:00'),  
(25, 'tout', 'entièreté', '2023-10-10 10:50:00'), 
(26, 'hör', 'lauschen', '2023-09-05 08:45:00'),  
(27, 'ste', 'te', '2023-08-01 06:40:00'),
(28, 'über', 'oberhalb', '2023-07-27 14:35:00'), 
(29, 'potem', 'następnie', '2023-06-22 12:30:00'), 
(30, 'w dół', 'na dół', '2023-05-18 10:25:00');

-- inserts for contexts
INSERT INTO contexts (context_id, context) VALUES
(1, 'A place where you live'),
(2, 'A command to stop'),
(3, 'To make a choice'),
(4, 'To cause a situation to happen'),
(5, 'An action directed to something'),
(6, 'A board where items can be placed'),
(7, 'A decision-making process'),
(8, 'An ongoing situation'),
(9, 'A common action or task'),
(10, 'A risk or threat encountered'),
(11, 'A term in professional usage'),
(12, 'A definition or concept'),
(13, 'A person who is involved in the task'),
(14, 'An item or object placed somewhere'),
(15, 'To begin or start something'),
(16, 'An adjective to describe nouns'),
(17, 'A verb used for expressing actions'),
(18, 'Something familiar to the subject'),
(19, 'Historical context'),
(20, 'Technical terminology'),
(21, 'Colloquial speech'),
(22, 'Poetic usage'),
(23, 'Scientific literature'),
(24, 'Legal document'),
(25, 'Medical context'),
(26, 'IT terminology'),
(27, 'Philosophical concept'),
(28, 'Economic term'),
(29, 'Educational context'),
(30, 'Cultural reference'),
(31, 'Literary context'),
(32, 'Everyday conversation'),
(33, 'Academic paper'),
(34, 'News article'),
(35, 'Children''s literature');

-- inserts for translation_contexts
INSERT INTO translation_contexts (translation_id, context_id, usage_example) VALUES
(1, 1, 'La maison est grande.'),
(2, 2, 'Hör auf jetzt!'),
(3, 3, 'Die Entscheidung war schwierig.'),
(4, 4, 'Vous devez choisir une option.'),
(5, 5, 'Apportez-le ici.'),
(6, 6, 'Napisz to na tablicy.'),
(7, 7, 'Decyzja jest trudna do podjęcia.'),
(8, 8, 'To jest ciągła sytuacja.'),
(9, 9, 'To jest typowe zadanie.'),
(10, 10, 'Ryskuję to, co mam.'),
(11, 11, 'To jest termin medyczny.'),
(12, 12, 'Przykład wyjaśnienia pojęcia.'),
(13, 13, 'Podmiot badania to grupa wiekowa.'),
(14, 14, 'Nie ma przedmiotu w sali.'),
(15, 15, 'Zaczynam teraz.'),
(16, 19, 'Pénétrez dans la salle silencieusement.'),
(17, 20, 'Le danger est évalué à 70%.'),     
(18, 21, 'Środek miasta jest bardzo zatłoczony.'),   
(19, 22, 'Cette essence est vitale.'),            
(20, 23, 'Observez les étoiles avec attention.'),        
(21, 24, 'Ce vocable est propre au droit.'),           
(22, 25, 'Nous présumons son accord.'),               
(23, 26, 'Devinez le mot caché.'),                  
(24, 27, 'Durant la cérémonie...'),             
(25, 28, 'L`entièreté du texte.'),             
(26, 29, 'Lauschen Sie genau zu.'),                
(27, 30, 'Te książki są interesujące.'),           
(28, 19, 'Oberhalb der Wolken.'),                   
(29, 20, 'Następnie dodaj składniki.'),              
(30, 21, 'Schodź na dół powoli.');